filename,text,category
1F-autosync.dxf,숙직실,lounge
1F-autosync.dxf,학생휴게실,lounge
1F-autosync.dxf,PS실,ps
1F-autosync.dxf,계단실,stair
1F-autosync.dxf,계단실,stair
1F-autosync.dxf,강의실,lecture
1F-autosync.dxf,여자화장실,restroom
1F-autosync.dxf,남자화장실,restroom
1F-autosync.dxf,강의실,lecture
1F-autosync.dxf,장애인화장실(남),restroom
1F-autosync.dxf,PS실,ps
1F-autosync.dxf,PS실,ps
1F-autosync.dxf,계단실,stair
1F-autosync.dxf,남자화장실,restroom
1F-autosync.dxf,PS실,ps
1F-autosync.dxf,방풍실,misc
1F-autosync.dxf,ELEV실,elevator
1F-autosync.dxf,여자화장실,restroom
1F-autosync.dxf,PS실,ps
1F-autosync.dxf,PS실,ps
1F-autosync.dxf,ELEV실,elevator
1F-autosync.dxf,전산실습실,lab
1F-autosync.dxf,방재실/관리실,misc
1F-autosync.dxf,메카트로닉스/필드로봇연구실Ⅰ,lab
1F-autosync.dxf,기계공학부,ps
1F-autosync.dxf,강의실,lecture
1F-autosync.dxf,방풍실,misc
1F-autosync.dxf,계단강의실,lecture
1F-autosync.dxf,계단강의실,lecture
2F-autosync.dxf,창의관 지상 2층 평면도,misc
2F-autosync.dxf,기계공학부 CAD실,ps
2F-autosync.dxf,기계공학부,ps
2F-autosync.dxf,부원장실,office
2F-autosync.dxf,세미나실,seminar
2F-autosync.dxf,강의실,lecture
2F-autosync.dxf,기술경영전문대학원행정실,office
2F-autosync.dxf,강의실,lecture
2F-autosync.dxf,독서실,lounge
2F-autosync.dxf,강의실,lecture
2F-autosync.dxf,부속실,office
2F-autosync.dxf,세미나실,seminar
2F-autosync.dxf,동작분석실,lab
2F-autosync.dxf,기계공학부,ps
2F-autosync.dxf,지능 sys 및 로보틱스 연구실 Ⅱ,lab
2F-autosync.dxf,기계공학부,ps
2F-autosync.dxf,인간기계시스템연구실Ⅰ,ps
2F-autosync.dxf,기계공학부,ps
2F-autosync.dxf,계단실,stair
2F-autosync.dxf,PS실,ps
2F-autosync.dxf,PS실,ps
2F-autosync.dxf,계단실,stair
2F-autosync.dxf,ELEV실,elevator
2F-autosync.dxf,방풍실,misc
2F-autosync.dxf,ELEV실,elevator
2F-autosync.dxf,PS실,ps
2F-autosync.dxf,화장실(여),restroom
2F-autosync.dxf,PS실,ps
2F-autosync.dxf,남자화장실,restroom
3F-autosync.dxf,창의관 지상 3층 평면도,misc
3F-autosync.dxf,연구교수연구실/정보통신 Testbed실,office
3F-autosync.dxf,기계공학부 세미나실,ps
3F-autosync.dxf,기계공학부,ps
3F-autosync.dxf,기계공학부 세미나실,ps
3F-autosync.dxf,기계공학부,ps
3F-autosync.dxf,나노바이오유체시스템연구실Ⅰ,lab
3F-autosync.dxf,기계공학부,ps
3F-autosync.dxf,바이오나노진동시스템연구실Ⅰ,lab
3F-autosync.dxf,기계공학부,ps
3F-autosync.dxf,에너지시스템 및 터보기계 연구실,ps
3F-autosync.dxf,기계공학부,ps
3F-autosync.dxf,정밀기술연구실,lab
3F-autosync.dxf,기계공학부,ps
3F-autosync.dxf,냉동공조 및 이상유동 연구실,lab
3F-autosync.dxf,기계공학부,ps
3F-autosync.dxf,냉동공조 및 이상유동 연구실Ⅱ,lab
3F-autosync.dxf,기계공학부,ps
3F-autosync.dxf,근골격생체역학연구실,lab
3F-autosync.dxf,기계공학부,ps
3F-autosync.dxf,정보네트워크연구실,lab
3F-autosync.dxf,정보네트워크연구실,lab
3F-autosync.dxf,건축환경및에너지 시스템연구실,lab
3F-autosync.dxf,이광호,misc
3F-autosync.dxf,지능로봇연구실Ⅱ,lab
3F-autosync.dxf,기계공학부,ps
3F-autosync.dxf,지능로봇실험실Ⅰ,lab
3F-autosync.dxf,기계공학부,ps
3F-autosync.dxf,PS실,ps
3F-autosync.dxf,ELEV실,elevator
3F-autosync.dxf,PS실,ps
3F-autosync.dxf,화장실(여),restroom
3F-autosync.dxf,교수연구실,office
3F-autosync.dxf,기계공학부,ps
3F-autosync.dxf,교수연구실,office
3F-autosync.dxf,기계공학부,ps
3F-autosync.dxf,교수연구실,office
3F-autosync.dxf,기계공학부,ps
3F-autosync.dxf,교수연구실,office
3F-autosync.dxf,기계공학부,ps
3F-autosync.dxf,교수연구실,office
3F-autosync.dxf,기계공학부,ps
3F-autosync.dxf,교수연구실,office
3F-autosync.dxf,기계공학부,ps
3F-autosync.dxf,교수연구실,office
3F-autosync.dxf,전기전자공학부,ps
3F-autosync.dxf,교수연구실,office
3F-autosync.dxf,기계공학부,ps
3F-autosync.dxf,교수연구실,office
3F-autosync.dxf,기계공학부,ps
3F-autosync.dxf,교수연구실,office
3F-autosync.dxf,기계공학부,ps
3F-autosync.dxf,교수연구실,office
3F-autosync.dxf,기계공학부,ps
3F-autosync.dxf,교수연구실,office
3F-autosync.dxf,기계공학부,ps
3F-autosync.dxf,교수연구실,office
3F-autosync.dxf,기계공학부,ps
3F-autosync.dxf,교수연구실,office
3F-autosync.dxf,기계공학부,ps
3F-autosync.dxf,교수연구실,office
3F-autosync.dxf,기계공학부,ps
3F-autosync.dxf,교수연구실,office
3F-autosync.dxf,기계공학부,ps
3F-autosync.dxf,교수연구실,office
3F-autosync.dxf,교수연구실,office
3F-autosync.dxf,기계공학부,ps
3F-autosync.dxf,계단실,stair
3F-autosync.dxf,PS실,ps
3F-autosync.dxf,ELEV실,elevator
3F-autosync.dxf,계단실,stair
3F-autosync.dxf,PS실,ps
3F-autosync.dxf,화장실(남),restroom
4F-autosync.dxf,창의관 지상 4층 평면도,misc
4F-autosync.dxf,기계공학부행정실,ps
4F-autosync.dxf,기계공학부,ps
4F-autosync.dxf,기계공학부 세미나실,ps
4F-autosync.dxf,기계공학부,ps
4F-autosync.dxf,교수연구실,office
4F-autosync.dxf,기계공학부,ps
4F-autosync.dxf,최병호,misc
4F-autosync.dxf,교수연구실,office
4F-autosync.dxf,기계공학부,ps
4F-autosync.dxf,기계공학부 정보자료실,ps
4F-autosync.dxf,기계공학부,ps
4F-autosync.dxf,교수연구실,office
4F-autosync.dxf,기계공학부,ps
4F-autosync.dxf,교수연구실,office
4F-autosync.dxf,기계공학부,ps
4F-autosync.dxf,교수연구실,office
4F-autosync.dxf,기계공학부,ps
4F-autosync.dxf,교수연구실,office
4F-autosync.dxf,기계공학부,ps
4F-autosync.dxf,교수연구실,office
4F-autosync.dxf,기계공학부,ps
4F-autosync.dxf,교수연구실,office
4F-autosync.dxf,기계공학부,ps
4F-autosync.dxf,교수연구실,office
4F-autosync.dxf,기계공학부,ps
4F-autosync.dxf,교수연구실,office
4F-autosync.dxf,기계공학부,ps
4F-autosync.dxf,교수연구실,office
4F-autosync.dxf,기계공학부,ps
4F-autosync.dxf,기계공학부 자료실,ps
4F-autosync.dxf,기계공학부,ps
4F-autosync.dxf,교수연구실,office
4F-autosync.dxf,기계공학부,ps
4F-autosync.dxf,이호성,misc
4F-autosync.dxf,교수연구실,office
4F-autosync.dxf,교수연구실,office
4F-autosync.dxf,기계공학부,ps
4F-autosync.dxf,PS실,ps
4F-autosync.dxf,화장실(남),restroom
4F-autosync.dxf,화장실(여),restroom
4F-autosync.dxf,PS실,ps
4F-autosync.dxf,ELEV실,elevator
4F-autosync.dxf,ELEV실,elevator
4F-autosync.dxf,PS실,ps
4F-autosync.dxf,계단실,stair
4F-autosync.dxf,계단실,stair
4F-autosync.dxf,PS실,ps
4F-autosync.dxf,멀티스케일자연모사기계연구실,ps
4F-autosync.dxf,기계공학부,ps
4F-autosync.dxf,나노에너지 및 열유체연구실,lab
4F-autosync.dxf,기계공학부,ps
4F-autosync.dxf,신뢰성평가연구실Ⅰ,lab
4F-autosync.dxf,기계공학부,ps
4F-autosync.dxf,엔지니어링 정보융합 연구실 I,lab
4F-autosync.dxf,기계공학부,ps
4F-autosync.dxf,지능로봇 연구실Ⅰ,lab
4F-autosync.dxf,기계공학부,ps
4F-autosync.dxf,기계설계 및 CAD 연구실Ⅰ,ps
4F-autosync.dxf,기계공학부,ps
4F-autosync.dxf,멀티스케일 유체공학 연구실,lab
4F-autosync.dxf,기계공학부,ps
4F-autosync.dxf,멀티스케일전달현상 연구실,lab
4F-autosync.dxf,기계공학부,ps
4F-autosync.dxf,지능시스템 및 로보틱스연구실Ⅰ,lab
4F-autosync.dxf,기계공학부,ps
4F-autosync.dxf,나노에너지전달/변환 연구실,lab
4F-autosync.dxf,기계공학부,ps
4F-autosync.dxf,초미세생체시스템연구실,lab
4F-autosync.dxf,기계공학부,ps
4F-autosync.dxf,구)CAE 연구실Ⅰ,lab
4F-autosync.dxf,기계공학부,ps
4F-autosync.dxf,이호성,misc
5F-autosync.dxf,창의관 지상 5층 평면도,misc
5F-autosync.dxf,교수연구실,office
5F-autosync.dxf,전기전자공학부,ps
5F-autosync.dxf,교수연구실,office
5F-autosync.dxf,전기전자공학부,ps
5F-autosync.dxf,교수연구실,office
5F-autosync.dxf,전기전자공학부,ps
5F-autosync.dxf,나노에너지전달/변환 실험실,lab
5F-autosync.dxf,기계공학부,ps
5F-autosync.dxf,초미세생체시스템연구실Ⅱ,lab
5F-autosync.dxf,기계공학부,ps
5F-autosync.dxf,전기화학에너지연구실,ps
5F-autosync.dxf,유승호,misc
5F-autosync.dxf,신뢰성평가연구실,lab
5F-autosync.dxf,중수소 생선 기초연구실,lab
5F-autosync.dxf,초미세생체시스템실험실,lab
5F-autosync.dxf,초빙교수연구실,office
5F-autosync.dxf,ELEV실,elevator
5F-autosync.dxf,PS실,ps
5F-autosync.dxf,ELEV실,elevator
5F-autosync.dxf,PS실,ps
5F-autosync.dxf,여자화장실,restroom
5F-autosync.dxf,냉동공조 및 이상유동연구실,lab
5F-autosync.dxf,나노바이오유체시스템연구실,lab
5F-autosync.dxf,교수연구실,office
5F-autosync.dxf,전실,misc
5F-autosync.dxf,교수연구실,office
5F-autosync.dxf,전기전자공학부,ps
5F-autosync.dxf,교수연구실,office
5F-autosync.dxf,교수연구실,office
5F-autosync.dxf,교수연구실,office
5F-autosync.dxf,정보소자재료연구실,lab
5F-autosync.dxf,PS실,ps
5F-autosync.dxf,계단실,stair
5F-autosync.dxf,PS실,ps
5F-autosync.dxf,화장실(남),restroom
5F-autosync.dxf,계단실,stair
5F-autosync.dxf,전산역학 및 최적설계연구실,lab
5F-autosync.dxf,기계공학부,ps
5F-autosync.dxf,열유체공학연구실,lab
5F-autosync.dxf,기계공학부,ps
5F-autosync.dxf,나노바이오유체시스템연구실,lab
5F-autosync.dxf,기계공학부,ps
5F-autosync.dxf,융합에너지공학 PBL 실험실습실,lab
5F-autosync.dxf,지능시스템 및 로봇틱스연구실,lab
5F-autosync.dxf,교수연구실,office
5F-autosync.dxf,교수연구실,office
5F-autosync.dxf,교수연구실,office
5F-autosync.dxf,교수연구실,office
5F-autosync.dxf,학생연구실,lab
5F-autosync.dxf,교수연구실,office
6F-autosync.dxf,창의관 지상 6층 평면도,misc
6F-autosync.dxf,구조공학역학연구실,lab
6F-autosync.dxf,나노소재 및 소자 연구실,lab
6F-autosync.dxf,촉매및반응공학연구실,lab
6F-autosync.dxf,차세대재료물성평가연구실,lab
6F-autosync.dxf,최병호,misc
6F-autosync.dxf,에너지물질순환연구실,lab
6F-autosync.dxf,나노바이오촉매연구실,lab
6F-autosync.dxf,엔지니어링 정보융합 연구실 II,lab
6F-autosync.dxf,기계공학부,ps
6F-autosync.dxf,에너지물질순환연구실,lab
6F-autosync.dxf,여자화장실,restroom
6F-autosync.dxf,PS실,ps
6F-autosync.dxf,ELEV실,elevator
6F-autosync.dxf,남자화장실,restroom
6F-autosync.dxf,PS실,ps
6F-autosync.dxf,계단실,stair
6F-autosync.dxf,PS실,ps
6F-autosync.dxf,PS실,ps
6F-autosync.dxf,ELEV실,elevator
6F-autosync.dxf,에너지물질순환연구실,lab
6F-autosync.dxf,기계공학부,ps
6F-autosync.dxf,태양전지연구실,lab
6F-autosync.dxf,태양전지연구실,lab
6F-autosync.dxf,차세대배터리시스템연구실,lab
6F-autosync.dxf,기계공학부,ps
6F-autosync.dxf,반도체공학과행정실,office
6F-autosync.dxf,반도체공학과행정실,office
6F-autosync.dxf,구조해석연구실,lab
6F-autosync.dxf,기계공학부,ps
6F-autosync.dxf,차세대기계설계연구소/에너지기술공동연구소,ps
6F-autosync.dxf,나노생명공학연구실,lab
6F-autosync.dxf,기계공학부,ps
6F-autosync.dxf,계단실,stair
6F-autosync.dxf,멀티스케일자연모사기계연구실,ps
7F-autosync.dxf,창의관 지상 7층 평면도,misc
7F-autosync.dxf,나노에너지융합시스템연구실,lab
7F-autosync.dxf,계단실,stair
7F-autosync.dxf,이호성,misc
7F-autosync.dxf,차세대 나노 광소자 연구실,lab
7F-autosync.dxf,스마트다기능소자연구실,lab
7F-autosync.dxf,기계공학부,ps
7F-autosync.dxf,교수연구실,office
7F-autosync.dxf,전기전자공학부,ps
7F-autosync.dxf,최적에너지변환시스템연구실,lab
7F-autosync.dxf,이호성,misc
7F-autosync.dxf,교수연구실,office
7F-autosync.dxf,계단실,stair
7F-autosync.dxf,PS실,ps
7F-autosync.dxf,화장실(남),restroom
7F-autosync.dxf,PS실,ps
7F-autosync.dxf,ELEV실,elevator
7F-autosync.dxf,PS실,ps
7F-autosync.dxf,ELEV실,elevator
7F-autosync.dxf,지능신호처리연구센터,misc
7F-autosync.dxf,환경중심신조재공정연구실,lab
7F-autosync.dxf,이준호,misc
7F-autosync.dxf,BK21플러스 창의부픔소재사업단,misc
7F-autosync.dxf,교수연구실,office
7F-autosync.dxf,유승호,misc
7F-autosync.dxf,교수연구실,office
7F-autosync.dxf,나노에너지융합시스템연구실,lab
7F-autosync.dxf,자기메모리소재연구실,lab
7F-autosync.dxf,건축학과 설계실,misc
7F-autosync.dxf,자동차융합학과 행정실,office
7F-autosync.dxf,신재생 에너지시스템 연구실,lab
7F-autosync.dxf,나노전달현상연구실,lab
7F-autosync.dxf,에너지저장 및 변환재료연구실,lab
7F-autosync.dxf,스마트다기능소자연구실,lab
7F-autosync.dxf,멀티스케일 자연모사 기계연구실,ps
7F-autosync.dxf,나노광전소재 연구실,lab
7F-autosync.dxf,PS실,ps
7F-autosync.dxf,화장실(여),restroom
8F-autosync.dxf,창의관 지상 8층 평면도,misc
8F-autosync.dxf,교수연구실,office
8F-autosync.dxf,김현호,misc
8F-autosync.dxf,교수연구실,office
8F-autosync.dxf,교수연구실,office
8F-autosync.dxf,기계공학부,ps
8F-autosync.dxf,나노텍 응용 연구실,lab
8F-autosync.dxf,매카트로닉스앤필드로보틱스연구실,lab
8F-autosync.dxf,교수연구실,office
8F-autosync.dxf,기계공학부,ps
8F-autosync.dxf,매카트로닉스앤필드로보틱스연구실,lab
8F-autosync.dxf,기계공학부,ps
8F-autosync.dxf,교수연구실,office
8F-autosync.dxf,기계공학부,ps
8F-autosync.dxf,교수연구실,office
8F-autosync.dxf,매카트로닉스앤필드로보틱스연구실,lab
8F-autosync.dxf,계단실,stair
8F-autosync.dxf,ELEV실,elevator
8F-autosync.dxf,화장실(남),restroom
8F-autosync.dxf,PS실,ps
8F-autosync.dxf,ELEV실,elevator
8F-autosync.dxf,PS실,ps
8F-autosync.dxf,PS실,ps
8F-autosync.dxf,화장실(여),restroom
8F-autosync.dxf,계단실,stair
8F-autosync.dxf,PS실,ps
8F-autosync.dxf,나노소자연구실,lab
8F-autosync.dxf,전실,misc
8F-autosync.dxf,전실,misc
8F-autosync.dxf,전실,misc
8F-autosync.dxf,교수연구실,office
8F-autosync.dxf,연구실/실험실,lab
8F-autosync.dxf,교수연구실,office
8F-autosync.dxf,전기전자공학부,ps
8F-autosync.dxf,교수연구실,office
8F-autosync.dxf,교수연구실,office
8F-autosync.dxf,전산유체역학연구실,lab
8F-autosync.dxf,기계공학부,ps
8F-autosync.dxf,교수연구실,office
8F-autosync.dxf,교수연구실,office
8F-autosync.dxf,전기전자공학부,ps
8F-autosync.dxf,에너지물질순환연구실,lab
8F-autosync.dxf,교수연구실,office
8F-autosync.dxf,분자생물공학연구실,lab
8F-autosync.dxf,교수연구실,office
8F-autosync.dxf,교수연구실,office
8F-autosync.dxf,교수연구실,office
8F-autosync.dxf,교수연구실,office
8F-autosync.dxf,교수연구실,office
8F-autosync.dxf,교수연구실,office
8F-autosync.dxf,윤성호,misc
8F-autosync.dxf,교수연구실,office
8F-autosync.dxf,교수연구실,office
all_floor-autosync.dxf,숙직실,lounge
all_floor-autosync.dxf,학생휴게실,lounge
all_floor-autosync.dxf,PS실,ps
all_floor-autosync.dxf,계단실,stair
all_floor-autosync.dxf,계단실,stair
all_floor-autosync.dxf,강의실,lecture
all_floor-autosync.dxf,여자화장실,restroom
all_floor-autosync.dxf,남자화장실,restroom
all_floor-autosync.dxf,강의실,lecture
all_floor-autosync.dxf,장애인화장실(남),restroom
all_floor-autosync.dxf,PS실,ps
all_floor-autosync.dxf,PS실,ps
all_floor-autosync.dxf,계단실,stair
all_floor-autosync.dxf,남자화장실,restroom
all_floor-autosync.dxf,PS실,ps
all_floor-autosync.dxf,방풍실,misc
all_floor-autosync.dxf,ELEV실,elevator
all_floor-autosync.dxf,여자화장실,restroom
all_floor-autosync.dxf,PS실,ps
all_floor-autosync.dxf,PS실,ps
all_floor-autosync.dxf,ELEV실,elevator
all_floor-autosync.dxf,전산실습실,lab
all_floor-autosync.dxf,방재실/관리실,misc
all_floor-autosync.dxf,메카트로닉스/필드로봇연구실Ⅰ,lab
all_floor-autosync.dxf,기계공학부,ps
all_floor-autosync.dxf,강의실,lecture
all_floor-autosync.dxf,방풍실,misc
all_floor-autosync.dxf,계단강의실,lecture
all_floor-autosync.dxf,계단강의실,lecture
all_floor-autosync.dxf,창의관 지상 2층 평면도,misc
all_floor-autosync.dxf,기계공학부 CAD실,ps
all_floor-autosync.dxf,기계공학부,ps
all_floor-autosync.dxf,부원장실,office
all_floor-autosync.dxf,세미나실,seminar
all_floor-autosync.dxf,강의실,lecture
all_floor-autosync.dxf,기술경영전문대학원행정실,office
all_floor-autosync.dxf,강의실,lecture
all_floor-autosync.dxf,독서실,lounge
all_floor-autosync.dxf,강의실,lecture
all_floor-autosync.dxf,부속실,office
all_floor-autosync.dxf,세미나실,seminar
all_floor-autosync.dxf,동작분석실,lab
all_floor-autosync.dxf,기계공학부,ps
all_floor-autosync.dxf,지능 sys 및 로보틱스 연구실 Ⅱ,lab
all_floor-autosync.dxf,기계공학부,ps
all_floor-autosync.dxf,인간기계시스템연구실Ⅰ,ps
all_floor-autosync.dxf,기계공학부,ps
all_floor-autosync.dxf,계단실,stair
all_floor-autosync.dxf,PS실,ps
all_floor-autosync.dxf,PS실,ps
all_floor-autosync.dxf,계단실,stair
all_floor-autosync.dxf,ELEV실,elevator
all_floor-autosync.dxf,방풍실,misc
all_floor-autosync.dxf,ELEV실,elevator
all_floor-autosync.dxf,PS실,ps
all_floor-autosync.dxf,화장실(여),restroom
all_floor-autosync.dxf,PS실,ps
all_floor-autosync.dxf,남자화장실,restroom
all_floor-autosync.dxf,창의관 지상 3층 평면도,misc
all_floor-autosync.dxf,연구교수연구실/정보통신 Testbed실,office
all_floor-autosync.dxf,기계공학부 세미나실,ps
all_floor-autosync.dxf,기계공학부,ps
all_floor-autosync.dxf,기계공학부 세미나실,ps
all_floor-autosync.dxf,기계공학부,ps
all_floor-autosync.dxf,나노바이오유체시스템연구실Ⅰ,lab
all_floor-autosync.dxf,기계공학부,ps
all_floor-autosync.dxf,바이오나노진동시스템연구실Ⅰ,lab
all_floor-autosync.dxf,기계공학부,ps
all_floor-autosync.dxf,에너지시스템 및 터보기계 연구실,ps
all_floor-autosync.dxf,기계공학부,ps
all_floor-autosync.dxf,정밀기술연구실,lab
all_floor-autosync.dxf,기계공학부,ps
all_floor-autosync.dxf,냉동공조 및 이상유동 연구실,lab
all_floor-autosync.dxf,기계공학부,ps
all_floor-autosync.dxf,냉동공조 및 이상유동 연구실Ⅱ,lab
all_floor-autosync.dxf,기계공학부,ps
all_floor-autosync.dxf,근골격생체역학연구실,lab
all_floor-autosync.dxf,기계공학부,ps
all_floor-autosync.dxf,정보네트워크연구실,lab
all_floor-autosync.dxf,정보네트워크연구실,lab
all_floor-autosync.dxf,건축환경및에너지 시스템연구실,lab
all_floor-autosync.dxf,이광호,misc
all_floor-autosync.dxf,지능로봇연구실Ⅱ,lab
all_floor-autosync.dxf,기계공학부,ps
all_floor-autosync.dxf,지능로봇실험실Ⅰ,lab
all_floor-autosync.dxf,기계공학부,ps
all_floor-autosync.dxf,PS실,ps
all_floor-autosync.dxf,ELEV실,elevator
all_floor-autosync.dxf,PS실,ps
all_floor-autosync.dxf,화장실(여),restroom
all_floor-autosync.dxf,교수연구실,office
all_floor-autosync.dxf,기계공학부,ps
all_floor-autosync.dxf,교수연구실,office
all_floor-autosync.dxf,기계공학부,ps
all_floor-autosync.dxf,교수연구실,office
all_floor-autosync.dxf,기계공학부,ps
all_floor-autosync.dxf,교수연구실,office
all_floor-autosync.dxf,기계공학부,ps
all_floor-autosync.dxf,교수연구실,office
all_floor-autosync.dxf,기계공학부,ps
all_floor-autosync.dxf,교수연구실,office
all_floor-autosync.dxf,기계공학부,ps
all_floor-autosync.dxf,교수연구실,office
all_floor-autosync.dxf,전기전자공학부,ps
all_floor-autosync.dxf,교수연구실,office
all_floor-autosync.dxf,기계공학부,ps
all_floor-autosync.dxf,교수연구실,office
all_floor-autosync.dxf,기계공학부,ps
all_floor-autosync.dxf,교수연구실,office
all_floor-autosync.dxf,기계공학부,ps
all_floor-autosync.dxf,교수연구실,office
all_floor-autosync.dxf,기계공학부,ps
all_floor-autosync.dxf,교수연구실,office
all_floor-autosync.dxf,기계공학부,ps
all_floor-autosync.dxf,교수연구실,office
all_floor-autosync.dxf,기계공학부,ps
all_floor-autosync.dxf,교수연구실,office
all_floor-autosync.dxf,기계공학부,ps
all_floor-autosync.dxf,교수연구실,office
all_floor-autosync.dxf,기계공학부,ps
all_floor-autosync.dxf,교수연구실,office
all_floor-autosync.dxf,기계공학부,ps
all_floor-autosync.dxf,교수연구실,office
all_floor-autosync.dxf,교수연구실,office
all_floor-autosync.dxf,기계공학부,ps
all_floor-autosync.dxf,계단실,stair
all_floor-autosync.dxf,PS실,ps
all_floor-autosync.dxf,ELEV실,elevator
all_floor-autosync.dxf,계단실,stair
all_floor-autosync.dxf,PS실,ps
all_floor-autosync.dxf,화장실(남),restroom
all_floor-autosync.dxf,창의관 지상 4층 평면도,misc
all_floor-autosync.dxf,기계공학부행정실,ps
all_floor-autosync.dxf,기계공학부,ps
all_floor-autosync.dxf,기계공학부 세미나실,ps
all_floor-autosync.dxf,기계공학부,ps
all_floor-autosync.dxf,교수연구실,office
all_floor-autosync.dxf,기계공학부,ps
all_floor-autosync.dxf,최병호,misc
all_floor-autosync.dxf,교수연구실,office
all_floor-autosync.dxf,기계공학부,ps
all_floor-autosync.dxf,기계공학부 정보자료실,ps
all_floor-autosync.dxf,기계공학부,ps
all_floor-autosync.dxf,교수연구실,office
all_floor-autosync.dxf,기계공학부,ps
all_floor-autosync.dxf,교수연구실,office
all_floor-autosync.dxf,기계공학부,ps
all_floor-autosync.dxf,교수연구실,office
all_floor-autosync.dxf,기계공학부,ps
all_floor-autosync.dxf,교수연구실,office
all_floor-autosync.dxf,기계공학부,ps
all_floor-autosync.dxf,교수연구실,office
all_floor-autosync.dxf,기계공학부,ps
all_floor-autosync.dxf,교수연구실,office
all_floor-autosync.dxf,기계공학부,ps
all_floor-autosync.dxf,교수연구실,office
all_floor-autosync.dxf,기계공학부,ps
all_floor-autosync.dxf,교수연구실,office
all_floor-autosync.dxf,기계공학부,ps
all_floor-autosync.dxf,교수연구실,office
all_floor-autosync.dxf,기계공학부,ps
all_floor-autosync.dxf,기계공학부 자료실,ps
all_floor-autosync.dxf,기계공학부,ps
all_floor-autosync.dxf,교수연구실,office
all_floor-autosync.dxf,기계공학부,ps
all_floor-autosync.dxf,이호성,misc
all_floor-autosync.dxf,교수연구실,office
all_floor-autosync.dxf,교수연구실,office
all_floor-autosync.dxf,기계공학부,ps
all_floor-autosync.dxf,PS실,ps
all_floor-autosync.dxf,화장실(남),restroom
all_floor-autosync.dxf,화장실(여),restroom
all_floor-autosync.dxf,PS실,ps
all_floor-autosync.dxf,ELEV실,elevator
all_floor-autosync.dxf,ELEV실,elevator
all_floor-autosync.dxf,PS실,ps
all_floor-autosync.dxf,계단실,stair
all_floor-autosync.dxf,계단실,stair
all_floor-autosync.dxf,PS실,ps
all_floor-autosync.dxf,멀티스케일자연모사기계연구실,ps
all_floor-autosync.dxf,기계공학부,ps
all_floor-autosync.dxf,나노에너지 및 열유체연구실,lab
all_floor-autosync.dxf,기계공학부,ps
all_floor-autosync.dxf,신뢰성평가연구실Ⅰ,lab
all_floor-autosync.dxf,기계공학부,ps
all_floor-autosync.dxf,엔지니어링 정보융합 연구실 I,lab
all_floor-autosync.dxf,기계공학부,ps
all_floor-autosync.dxf,지능로봇 연구실Ⅰ,lab
all_floor-autosync.dxf,기계공학부,ps
all_floor-autosync.dxf,기계설계 및 CAD 연구실Ⅰ,ps
all_floor-autosync.dxf,기계공학부,ps
all_floor-autosync.dxf,멀티스케일 유체공학 연구실,lab
all_floor-autosync.dxf,기계공학부,ps
all_floor-autosync.dxf,멀티스케일전달현상 연구실,lab
all_floor-autosync.dxf,기계공학부,ps
all_floor-autosync.dxf,지능시스템 및 로보틱스연구실Ⅰ,lab
all_floor-autosync.dxf,기계공학부,ps
all_floor-autosync.dxf,나노에너지전달/변환 연구실,lab
all_floor-autosync.dxf,기계공학부,ps
all_floor-autosync.dxf,초미세생체시스템연구실,lab
all_floor-autosync.dxf,기계공학부,ps
all_floor-autosync.dxf,구)CAE 연구실Ⅰ,lab
all_floor-autosync.dxf,기계공학부,ps
all_floor-autosync.dxf,이호성,misc
all_floor-autosync.dxf,창의관 지상 5층 평면도,misc
all_floor-autosync.dxf,교수연구실,office
all_floor-autosync.dxf,전기전자공학부,ps
all_floor-autosync.dxf,교수연구실,office
all_floor-autosync.dxf,전기전자공학부,ps
all_floor-autosync.dxf,교수연구실,office
all_floor-autosync.dxf,전기전자공학부,ps
all_floor-autosync.dxf,나노에너지전달/변환 실험실,lab
all_floor-autosync.dxf,기계공학부,ps
all_floor-autosync.dxf,초미세생체시스템연구실Ⅱ,lab
all_floor-autosync.dxf,기계공학부,ps
all_floor-autosync.dxf,전기화학에너지연구실,ps
all_floor-autosync.dxf,유승호,misc
all_floor-autosync.dxf,신뢰성평가연구실,lab
all_floor-autosync.dxf,중수소 생선 기초연구실,lab
all_floor-autosync.dxf,초미세생체시스템실험실,lab
all_floor-autosync.dxf,초빙교수연구실,office
all_floor-autosync.dxf,ELEV실,elevator
all_floor-autosync.dxf,PS실,ps
all_floor-autosync.dxf,ELEV실,elevator
all_floor-autosync.dxf,PS실,ps
all_floor-autosync.dxf,여자화장실,restroom
all_floor-autosync.dxf,냉동공조 및 이상유동연구실,lab
all_floor-autosync.dxf,나노바이오유체시스템연구실,lab
all_floor-autosync.dxf,교수연구실,office
all_floor-autosync.dxf,전실,misc
all_floor-autosync.dxf,교수연구실,office
all_floor-autosync.dxf,전기전자공학부,ps
all_floor-autosync.dxf,교수연구실,office
all_floor-autosync.dxf,교수연구실,office
all_floor-autosync.dxf,교수연구실,office
all_floor-autosync.dxf,정보소자재료연구실,lab
all_floor-autosync.dxf,PS실,ps
all_floor-autosync.dxf,계단실,stair
all_floor-autosync.dxf,PS실,ps
all_floor-autosync.dxf,화장실(남),restroom
all_floor-autosync.dxf,계단실,stair
all_floor-autosync.dxf,전산역학 및 최적설계연구실,lab
all_floor-autosync.dxf,기계공학부,ps
all_floor-autosync.dxf,열유체공학연구실,lab
all_floor-autosync.dxf,기계공학부,ps
all_floor-autosync.dxf,나노바이오유체시스템연구실,lab
all_floor-autosync.dxf,기계공학부,ps
all_floor-autosync.dxf,융합에너지공학 PBL 실험실습실,lab
all_floor-autosync.dxf,지능시스템 및 로봇틱스연구실,lab
all_floor-autosync.dxf,교수연구실,office
all_floor-autosync.dxf,교수연구실,office
all_floor-autosync.dxf,교수연구실,office
all_floor-autosync.dxf,교수연구실,office
all_floor-autosync.dxf,학생연구실,lab
all_floor-autosync.dxf,교수연구실,office
all_floor-autosync.dxf,창의관 지상 6층 평면도,misc
all_floor-autosync.dxf,구조공학역학연구실,lab
all_floor-autosync.dxf,나노소재 및 소자 연구실,lab
all_floor-autosync.dxf,촉매및반응공학연구실,lab
all_floor-autosync.dxf,차세대재료물성평가연구실,lab
all_floor-autosync.dxf,최병호,misc
all_floor-autosync.dxf,에너지물질순환연구실,lab
all_floor-autosync.dxf,나노바이오촉매연구실,lab
all_floor-autosync.dxf,엔지니어링 정보융합 연구실 II,lab
all_floor-autosync.dxf,기계공학부,ps
all_floor-autosync.dxf,에너지물질순환연구실,lab
all_floor-autosync.dxf,여자화장실,restroom
all_floor-autosync.dxf,PS실,ps
all_floor-autosync.dxf,ELEV실,elevator
all_floor-autosync.dxf,남자화장실,restroom
all_floor-autosync.dxf,PS실,ps
all_floor-autosync.dxf,계단실,stair
all_floor-autosync.dxf,PS실,ps
all_floor-autosync.dxf,PS실,ps
all_floor-autosync.dxf,ELEV실,elevator
all_floor-autosync.dxf,에너지물질순환연구실,lab
all_floor-autosync.dxf,기계공학부,ps
all_floor-autosync.dxf,태양전지연구실,lab
all_floor-autosync.dxf,태양전지연구실,lab
all_floor-autosync.dxf,차세대배터리시스템연구실,lab
all_floor-autosync.dxf,기계공학부,ps
all_floor-autosync.dxf,반도체공학과행정실,office
all_floor-autosync.dxf,반도체공학과행정실,office
all_floor-autosync.dxf,구조해석연구실,lab
all_floor-autosync.dxf,기계공학부,ps
all_floor-autosync.dxf,차세대기계설계연구소/에너지기술공동연구소,ps
all_floor-autosync.dxf,나노생명공학연구실,lab
all_floor-autosync.dxf,기계공학부,ps
all_floor-autosync.dxf,계단실,stair
all_floor-autosync.dxf,멀티스케일자연모사기계연구실,ps
all_floor-autosync.dxf,창의관 지상 7층 평면도,misc
all_floor-autosync.dxf,나노에너지융합시스템연구실,lab
all_floor-autosync.dxf,계단실,stair
all_floor-autosync.dxf,이호성,misc
all_floor-autosync.dxf,차세대 나노 광소자 연구실,lab
all_floor-autosync.dxf,스마트다기능소자연구실,lab
all_floor-autosync.dxf,기계공학부,ps
all_floor-autosync.dxf,교수연구실,office
all_floor-autosync.dxf,전기전자공학부,ps
all_floor-autosync.dxf,최적에너지변환시스템연구실,lab
all_floor-autosync.dxf,이호성,misc
all_floor-autosync.dxf,교수연구실,office
all_floor-autosync.dxf,계단실,stair
all_floor-autosync.dxf,PS실,ps
all_floor-autosync.dxf,화장실(남),restroom
all_floor-autosync.dxf,PS실,ps
all_floor-autosync.dxf,ELEV실,elevator
all_floor-autosync.dxf,PS실,ps
all_floor-autosync.dxf,ELEV실,elevator
all_floor-autosync.dxf,지능신호처리연구센터,misc
all_floor-autosync.dxf,환경중심신조재공정연구실,lab
all_floor-autosync.dxf,이준호,misc
all_floor-autosync.dxf,BK21플러스 창의부픔소재사업단,misc
all_floor-autosync.dxf,교수연구실,office
all_floor-autosync.dxf,유승호,misc
all_floor-autosync.dxf,교수연구실,office
all_floor-autosync.dxf,나노에너지융합시스템연구실,lab
all_floor-autosync.dxf,자기메모리소재연구실,lab
all_floor-autosync.dxf,건축학과 설계실,misc
all_floor-autosync.dxf,자동차융합학과 행정실,office
all_floor-autosync.dxf,신재생 에너지시스템 연구실,lab
all_floor-autosync.dxf,나노전달현상연구실,lab
all_floor-autosync.dxf,에너지저장 및 변환재료연구실,lab
all_floor-autosync.dxf,스마트다기능소자연구실,lab
all_floor-autosync.dxf,멀티스케일 자연모사 기계연구실,ps
all_floor-autosync.dxf,나노광전소재 연구실,lab
all_floor-autosync.dxf,PS실,ps
all_floor-autosync.dxf,화장실(여),restroom
all_floor-autosync.dxf,창의관 지상 8층 평면도,misc
all_floor-autosync.dxf,교수연구실,office
all_floor-autosync.dxf,김현호,misc
all_floor-autosync.dxf,교수연구실,office
all_floor-autosync.dxf,교수연구실,office
all_floor-autosync.dxf,기계공학부,ps
all_floor-autosync.dxf,나노텍 응용 연구실,lab
all_floor-autosync.dxf,매카트로닉스앤필드로보틱스연구실,lab
all_floor-autosync.dxf,교수연구실,office
all_floor-autosync.dxf,기계공학부,ps
all_floor-autosync.dxf,매카트로닉스앤필드로보틱스연구실,lab
all_floor-autosync.dxf,기계공학부,ps
all_floor-autosync.dxf,교수연구실,office
all_floor-autosync.dxf,기계공학부,ps
all_floor-autosync.dxf,교수연구실,office
all_floor-autosync.dxf,매카트로닉스앤필드로보틱스연구실,lab
all_floor-autosync.dxf,계단실,stair
all_floor-autosync.dxf,ELEV실,elevator
all_floor-autosync.dxf,화장실(남),restroom
all_floor-autosync.dxf,PS실,ps
all_floor-autosync.dxf,ELEV실,elevator
all_floor-autosync.dxf,PS실,ps
all_floor-autosync.dxf,PS실,ps
all_floor-autosync.dxf,화장실(여),restroom
all_floor-autosync.dxf,계단실,stair
all_floor-autosync.dxf,PS실,ps
all_floor-autosync.dxf,나노소자연구실,lab
all_floor-autosync.dxf,전실,misc
all_floor-autosync.dxf,전실,misc
all_floor-autosync.dxf,전실,misc
all_floor-autosync.dxf,교수연구실,office
all_floor-autosync.dxf,연구실/실험실,lab
all_floor-autosync.dxf,교수연구실,office
all_floor-autosync.dxf,전기전자공학부,ps
all_floor-autosync.dxf,교수연구실,office
all_floor-autosync.dxf,교수연구실,office
all_floor-autosync.dxf,전산유체역학연구실,lab
all_floor-autosync.dxf,기계공학부,ps
all_floor-autosync.dxf,교수연구실,office
all_floor-autosync.dxf,교수연구실,office
all_floor-autosync.dxf,전기전자공학부,ps
all_floor-autosync.dxf,에너지물질순환연구실,lab
all_floor-autosync.dxf,교수연구실,office
all_floor-autosync.dxf,분자생물공학연구실,lab
all_floor-autosync.dxf,교수연구실,office
all_floor-autosync.dxf,교수연구실,office
all_floor-autosync.dxf,교수연구실,office
all_floor-autosync.dxf,교수연구실,office
all_floor-autosync.dxf,교수연구실,office
all_floor-autosync.dxf,교수연구실,office
all_floor-autosync.dxf,윤성호,misc
all_floor-autosync.dxf,교수연구실,office
all_floor-autosync.dxf,교수연구실,office
all_floor-autosync.dxf,창의관 지하 2층 평면도,misc
all_floor-autosync.dxf,"B210호실 48.41㎡, B210-1호실 23㎡ 중첩됨",misc
all_floor-autosync.dxf,공조실,misc
all_floor-autosync.dxf,발전기실,ps
all_floor-autosync.dxf,변전실,misc
all_floor-autosync.dxf,계단실,stair
all_floor-autosync.dxf,PS실,ps
all_floor-autosync.dxf,바이오나노진동 시스템연구실Ⅱ,lab
all_floor-autosync.dxf,기계공학부,ps
all_floor-autosync.dxf,멀티스케일 유체공학 연구실,lab
all_floor-autosync.dxf,기계공학부,ps
all_floor-autosync.dxf,건축사회환경공학부 수리학실험실 펌프실(내부),lab
all_floor-autosync.dxf,건축사회환경공학부 수리학실험실 저수조(내부),lab
all_floor-autosync.dxf,보관실,misc
all_floor-autosync.dxf,열유체공학 실습실,lab
all_floor-autosync.dxf,기계공학부,ps
all_floor-autosync.dxf,차세대 재료물성 평가연구실Ⅱ,lab
all_floor-autosync.dxf,기계공학부,ps
all_floor-autosync.dxf,최병호,misc
all_floor-autosync.dxf,차세대재료물성평가실험실Ⅰ,lab
all_floor-autosync.dxf,기계공학부,ps
all_floor-autosync.dxf,최병호,misc
all_floor-autosync.dxf,수리학실험실,lab
all_floor-autosync.dxf,냉동공조 및 이상유동 실험실,lab
all_floor-autosync.dxf,기계공학부,ps
all_floor-autosync.dxf,정밀기술 실험실,lab
all_floor-autosync.dxf,기계공학부,ps
all_floor-autosync.dxf,냉동공조 및 이상유동 실험실Ⅱ,lab
all_floor-autosync.dxf,기계공학부,ps
all_floor-autosync.dxf,근골격생체역학연구실,lab
all_floor-autosync.dxf,기계공학부,ps
all_floor-autosync.dxf,바이오나노진동 시스템연구실Ⅱ,lab
all_floor-autosync.dxf,기계공학부,ps
all_floor-autosync.dxf,정밀측정실,misc
all_floor-autosync.dxf,기계공학부,ps
all_floor-autosync.dxf,화장실(여),restroom
all_floor-autosync.dxf,PS실,ps
all_floor-autosync.dxf,PS실,ps
all_floor-autosync.dxf,화장실(남),restroom
all_floor-autosync.dxf,PS실,ps
all_floor-autosync.dxf,PS실,ps
all_floor-autosync.dxf,ELEV실,elevator
all_floor-autosync.dxf,ELEV실,elevator
all_floor-autosync.dxf,PS실,ps
all_floor-autosync.dxf,계단실,stair
all_floor-autosync.dxf,PS실,ps
all_floor-autosync.dxf,PS실,ps
all_floor-autosync.dxf,중앙감시실,misc
all_floor-autosync.dxf,숙직실,lounge
all_floor-autosync.dxf,한국델켐 기계공작 실습실,ps
all_floor-autosync.dxf,기계공학부,ps
all_floor-autosync.dxf,준비실,misc
all_floor-autosync.dxf,기계공학부,ps
all_floor-autosync.dxf,공구실,misc
all_floor-autosync.dxf,기계공학부,ps
all_floor-autosync.dxf,신재생에너지시스템실험실,lab
all_floor-autosync.dxf,기계공학부,ps
all_floor-autosync.dxf,전기실출입신청용,ps
all_floor-autosync.dxf,창의관 지하 2층 평면도,misc
all_floor-autosync.dxf,"B210호실 48.41㎡, B210-1호실 23㎡ 중첩됨",misc
all_floor-autosync.dxf,공조실,misc
all_floor-autosync.dxf,발전기실,ps
all_floor-autosync.dxf,변전실,misc
all_floor-autosync.dxf,계단실,stair
all_floor-autosync.dxf,PS실,ps
all_floor-autosync.dxf,바이오나노진동 시스템연구실Ⅱ,lab
all_floor-autosync.dxf,기계공학부,ps
all_floor-autosync.dxf,멀티스케일 유체공학 연구실,lab
all_floor-autosync.dxf,기계공학부,ps
all_floor-autosync.dxf,건축사회환경공학부 수리학실험실 펌프실(내부),lab
all_floor-autosync.dxf,건축사회환경공학부 수리학실험실 저수조(내부),lab
all_floor-autosync.dxf,보관실,misc
all_floor-autosync.dxf,열유체공학 실습실,lab
all_floor-autosync.dxf,기계공학부,ps
all_floor-autosync.dxf,차세대 재료물성 평가연구실Ⅱ,lab
all_floor-autosync.dxf,기계공학부,ps
all_floor-autosync.dxf,최병호,misc
all_floor-autosync.dxf,차세대재료물성평가실험실Ⅰ,lab
all_floor-autosync.dxf,기계공학부,ps
all_floor-autosync.dxf,최병호,misc
all_floor-autosync.dxf,수리학실험실,lab
all_floor-autosync.dxf,냉동공조 및 이상유동 실험실,lab
all_floor-autosync.dxf,기계공학부,ps
all_floor-autosync.dxf,정밀기술 실험실,lab
all_floor-autosync.dxf,기계공학부,ps
all_floor-autosync.dxf,냉동공조 및 이상유동 실험실Ⅱ,lab
all_floor-autosync.dxf,기계공학부,ps
all_floor-autosync.dxf,근골격생체역학연구실,lab
all_floor-autosync.dxf,기계공학부,ps
all_floor-autosync.dxf,바이오나노진동 시스템연구실Ⅱ,lab
all_floor-autosync.dxf,기계공학부,ps
all_floor-autosync.dxf,정밀측정실,misc
all_floor-autosync.dxf,기계공학부,ps
all_floor-autosync.dxf,화장실(여),restroom
all_floor-autosync.dxf,PS실,ps
all_floor-autosync.dxf,PS실,ps
all_floor-autosync.dxf,화장실(남),restroom
all_floor-autosync.dxf,PS실,ps
all_floor-autosync.dxf,PS실,ps
all_floor-autosync.dxf,ELEV실,elevator
all_floor-autosync.dxf,ELEV실,elevator
all_floor-autosync.dxf,PS실,ps
all_floor-autosync.dxf,계단실,stair
all_floor-autosync.dxf,PS실,ps
all_floor-autosync.dxf,PS실,ps
all_floor-autosync.dxf,중앙감시실,misc
all_floor-autosync.dxf,숙직실,lounge
all_floor-autosync.dxf,한국델켐 기계공작 실습실,ps
all_floor-autosync.dxf,기계공학부,ps
all_floor-autosync.dxf,준비실,misc
all_floor-autosync.dxf,기계공학부,ps
all_floor-autosync.dxf,공구실,misc
all_floor-autosync.dxf,기계공학부,ps
all_floor-autosync.dxf,신재생에너지시스템실험실,lab
all_floor-autosync.dxf,기계공학부,ps
all_floor-autosync.dxf,전기실출입신청용,ps
B1F-autosync.dxf,창의관 지하 2층 평면도,misc
B1F-autosync.dxf,"B210호실 48.41㎡, B210-1호실 23㎡ 중첩됨",misc
B1F-autosync.dxf,공조실,misc
B1F-autosync.dxf,발전기실,ps
B1F-autosync.dxf,변전실,misc
B1F-autosync.dxf,계단실,stair
B1F-autosync.dxf,PS실,ps
B1F-autosync.dxf,바이오나노진동 시스템연구실Ⅱ,lab
B1F-autosync.dxf,기계공학부,ps
B1F-autosync.dxf,멀티스케일 유체공학 연구실,lab
B1F-autosync.dxf,기계공학부,ps
B1F-autosync.dxf,건축사회환경공학부 수리학실험실 펌프실(내부),lab
B1F-autosync.dxf,건축사회환경공학부 수리학실험실 저수조(내부),lab
B1F-autosync.dxf,보관실,misc
B1F-autosync.dxf,열유체공학 실습실,lab
B1F-autosync.dxf,기계공학부,ps
B1F-autosync.dxf,차세대 재료물성 평가연구실Ⅱ,lab
B1F-autosync.dxf,기계공학부,ps
B1F-autosync.dxf,최병호,misc
B1F-autosync.dxf,차세대재료물성평가실험실Ⅰ,lab
B1F-autosync.dxf,기계공학부,ps
B1F-autosync.dxf,최병호,misc
B1F-autosync.dxf,수리학실험실,lab
B1F-autosync.dxf,냉동공조 및 이상유동 실험실,lab
B1F-autosync.dxf,기계공학부,ps
B1F-autosync.dxf,정밀기술 실험실,lab
B1F-autosync.dxf,기계공학부,ps
B1F-autosync.dxf,냉동공조 및 이상유동 실험실Ⅱ,lab
B1F-autosync.dxf,기계공학부,ps
B1F-autosync.dxf,근골격생체역학연구실,lab
B1F-autosync.dxf,기계공학부,ps
B1F-autosync.dxf,바이오나노진동 시스템연구실Ⅱ,lab
B1F-autosync.dxf,기계공학부,ps
B1F-autosync.dxf,정밀측정실,misc
B1F-autosync.dxf,기계공학부,ps
B1F-autosync.dxf,화장실(여),restroom
B1F-autosync.dxf,PS실,ps
B1F-autosync.dxf,PS실,ps
B1F-autosync.dxf,화장실(남),restroom
B1F-autosync.dxf,PS실,ps
B1F-autosync.dxf,PS실,ps
B1F-autosync.dxf,ELEV실,elevator
B1F-autosync.dxf,ELEV실,elevator
B1F-autosync.dxf,PS실,ps
B1F-autosync.dxf,계단실,stair
B1F-autosync.dxf,PS실,ps
B1F-autosync.dxf,PS실,ps
B1F-autosync.dxf,중앙감시실,misc
B1F-autosync.dxf,숙직실,lounge
B1F-autosync.dxf,한국델켐 기계공작 실습실,ps
B1F-autosync.dxf,기계공학부,ps
B1F-autosync.dxf,준비실,misc
B1F-autosync.dxf,기계공학부,ps
B1F-autosync.dxf,공구실,misc
B1F-autosync.dxf,기계공학부,ps
B1F-autosync.dxf,신재생에너지시스템실험실,lab
B1F-autosync.dxf,기계공학부,ps
B1F-autosync.dxf,전기실출입신청용,ps
B2F-autosync.dxf,창의관 지하 2층 평면도,misc
B2F-autosync.dxf,"B210호실 48.41㎡, B210-1호실 23㎡ 중첩됨",misc
B2F-autosync.dxf,공조실,misc
B2F-autosync.dxf,발전기실,ps
B2F-autosync.dxf,변전실,misc
B2F-autosync.dxf,계단실,stair
B2F-autosync.dxf,PS실,ps
B2F-autosync.dxf,바이오나노진동 시스템연구실Ⅱ,lab
B2F-autosync.dxf,기계공학부,ps
B2F-autosync.dxf,멀티스케일 유체공학 연구실,lab
B2F-autosync.dxf,기계공학부,ps
B2F-autosync.dxf,건축사회환경공학부 수리학실험실 펌프실(내부),lab
B2F-autosync.dxf,건축사회환경공학부 수리학실험실 저수조(내부),lab
B2F-autosync.dxf,보관실,misc
B2F-autosync.dxf,열유체공학 실습실,lab
B2F-autosync.dxf,기계공학부,ps
B2F-autosync.dxf,차세대 재료물성 평가연구실Ⅱ,lab
B2F-autosync.dxf,기계공학부,ps
B2F-autosync.dxf,최병호,misc
B2F-autosync.dxf,차세대재료물성평가실험실Ⅰ,lab
B2F-autosync.dxf,기계공학부,ps
B2F-autosync.dxf,최병호,misc
B2F-autosync.dxf,수리학실험실,lab
B2F-autosync.dxf,냉동공조 및 이상유동 실험실,lab
B2F-autosync.dxf,기계공학부,ps
B2F-autosync.dxf,정밀기술 실험실,lab
B2F-autosync.dxf,기계공학부,ps
B2F-autosync.dxf,냉동공조 및 이상유동 실험실Ⅱ,lab
B2F-autosync.dxf,기계공학부,ps
B2F-autosync.dxf,근골격생체역학연구실,lab
B2F-autosync.dxf,기계공학부,ps
B2F-autosync.dxf,바이오나노진동 시스템연구실Ⅱ,lab
B2F-autosync.dxf,기계공학부,ps
B2F-autosync.dxf,정밀측정실,misc
B2F-autosync.dxf,기계공학부,ps
B2F-autosync.dxf,화장실(여),restroom
B2F-autosync.dxf,PS실,ps
B2F-autosync.dxf,PS실,ps
B2F-autosync.dxf,화장실(남),restroom
B2F-autosync.dxf,PS실,ps
B2F-autosync.dxf,PS실,ps
B2F-autosync.dxf,ELEV실,elevator
B2F-autosync.dxf,ELEV실,elevator
B2F-autosync.dxf,PS실,ps
B2F-autosync.dxf,계단실,stair
B2F-autosync.dxf,PS실,ps
B2F-autosync.dxf,PS실,ps
B2F-autosync.dxf,중앙감시실,misc
B2F-autosync.dxf,숙직실,lounge
B2F-autosync.dxf,한국델켐 기계공작 실습실,ps
B2F-autosync.dxf,기계공학부,ps
B2F-autosync.dxf,준비실,misc
B2F-autosync.dxf,기계공학부,ps
B2F-autosync.dxf,공구실,misc
B2F-autosync.dxf,기계공학부,ps
B2F-autosync.dxf,신재생에너지시스템실험실,lab
B2F-autosync.dxf,기계공학부,ps
B2F-autosync.dxf,전기실출입신청용,ps
